Workbook

Sheet 汇总表
A1: 唐人数智科技股份有限公司广东分公司（河源项目部）车租汇总表（岩亨）
A3: 46113
A4: 项目名称 | B4: 本月人数 | C4: 本月应发工资 | D4: 本月实发工资 | E4: 其他扣款 | F4: 个税代扣金额 | G4: 社保个人部分 | M4: 社保单位部分 | U4: 合计
G5: 养老 | H5: 社保补差 | I5: 医疗 | J5: 大病医疗 | K5: 失业 | L5: 公积金 | M5: 养老 | N5: 社保补差 | O5: 医疗 | P5: 失业 | Q5: 工伤 | R5: 生育 | S5: 大病医疗 | T5: 滞纳金
A6: 未填写项目 | B6: =COUNTIF('明细表'!$AS:$AS,A6) | C6: =SUMIF('明细表'!$AS:$AS,A6,'明细表'!$P:$P) | D6: =SUMIF('明细表'!$AS:$AS,A6,'明细表'!$U:$U) | E6: =SUMIF('明细表'!$AS:$AS,A6,'明细表'!$M:$M)+SUMIF('明细表'!$AS:$AS,A6,'明细表'!$N:$N)+SUMIF('明细表'!$AS:$AS,A6,'明细表'!$O:$O)+SUMIF('明细表'!$AS:$AS,A6,'明细表'!$S:$S) | F6: =SUMIF('明细表'!$AS:$AS,A6,'明细表'!$R:$R) | G6: =SUMIF('明细表'!$AS:$AS,A6,'明细表'!$X:$X) | H6: =SUMIF('明细表'!$AS:$AS,A6,'明细表'!$Y:$Y) | I6: =SUMIF('明细表'!$AS:$AS,A6,'明细表'!$AA:$AA) | J6: =SUMIF('明细表'!$AS:$AS,A6,'明细表'!$AB:$AB) | K6: =SUMIF('明细表'!$AS:$AS,A6,'明细表'!$AD:$AD) | L6: =SUMIF('明细表'!$AS:$AS,A6,'明细表'!$AE:$AE) | M6: =SUMIF('明细表'!$AS:$AS,A6,'明细表'!$AG:$AG) | N6: =SUMIF('明细表'!$AS:$AS,A6,'明细表'!$AH:$AH) | O6: =SUMIF('明细表'!$AS:$AS,A6,'明细表'!$AJ:$AJ) | P6: =SUMIF('明细表'!$AS:$AS,A6,'明细表'!$AM:$AM) | Q6: =SUMIF('明细表'!$AS:$AS,A6,'明细表'!$AN:$AN) | R6: =SUMIF('明细表'!$AS:$AS,A6,'明细表'!$AO:$AO) | S6: =SUMIF('明细表'!$AS:$AS,A6,'明细表'!$AK:$AK) | T6: =SUMIF('明细表'!$AS:$AS,A6,'明细表'!$AP:$AP) | U6: =SUM(D6:T6)
A7: 合计 | B7: =SUM(B6:B6) | C7: =SUM(C6:C6) | D7: =SUM(D6:D6) | E7: =SUM(E6:E6) | F7: =SUM(F6:F6) | G7: =SUM(G6:G6) | H7: =SUM(H6:H6) | I7: =SUM(I6:I6) | ... U7: =SUM(U6:U6)
A8: 总经理： 财务中心： 人力资源部： 运营商事业部： 制表人：

Sheet 明细表
A1: 唐人数智科技股份有限公司广东分公司（河源项目部）车租明细表（岩亨）
A3: 46113
A4: 序号 | B4: 姓名 | C4: 正式/试用 | D4: 身份证号码 | E4: 基础工资 | F4: 岗位工资 | G4: 保密津贴 | H4: 午/误餐补贴 | I4: 交通补贴 | J4: 话费补贴 | K4: 电脑及工具补贴 | L4: 车租 | M4: 扣款 | P4: 应发小计 | Q4: 扣款 | T4: 应扣小计 | U4: 实发小计 | V4: 单位缴纳社保及公积金 | W4: 公司付款合计 | X4: 个人社保及公积金扣款明细 | AG4: 单位缴纳社保及公积金明细 | AR4: 区域 | AS4: 项目 | AT4: 岗位 | AU4: 入职公司 | AV4: 卡号 | AW4: 开户行 | AX4: 手机号 | AY4: 专项扣款
M5: 考勤 | N5: 考核 | O5: 其它 | Q5: 个人社保及其他 | R5: 个税 | S5: 其它 | X5: 养老 | Y5: 社保补差 | Z5: 养老合计 | AA5: 医疗 | AB5: 大病医疗 | AC5: 医疗合计 | AD5: 失业 | AE5: 住房公积金 | AF5: 小计 | AG5: 养老 | AH5: 社保补差 | AI5: 养老合计 | AJ5: 医疗 | AK5: 大病保险 | AL5: 医疗合计 | AM5: 失业 | AN5: 工伤 | AO5: 生育 | AP5: 滞纳金 | AQ5: 合计
A6: 1 | B6: 员工3 | C6: 正式 | D6: 44162219800516649X | L6: 500 | P6: =ROUND(SUM(E6:L6)-SUM(M6:O6),2) | Q6: =AF6 | R6: 0 | T6: =ROUND(SUM(Q6:S6),2) | U6: =ROUND(P6-T6,2) | V6: =AQ6 | W6: =ROUND(T6+U6+V6,2) | Y6: 0 | Z6: =X6+Y6 | AB6: 0 | AC6: =AA6+AB6 | AE6: 0 | AF6: =Z6+AC6+AD6+AE6 | AH6: 0 | AI6: =AG6+AH6 | AK6: 0 | AL6: =AJ6+AK6 | AP6: 0 | AQ6: =AI6+AL6+AM6+AN6+AO6+AP6 | AS6: 未填写项目 | AU6: 岩亨 | AX6: 11111111111
A7: 岩亨合计 | E7: =SUM(E6:E6) | F7: =SUM(F6:F6) | G7: =SUM(G6:G6) | H7: =SUM(H6:H6) | I7: =SUM(I6:I6) | J7: =SUM(J6:J6) | K7: =SUM(K6:K6) | L7: =SUM(L6:L6) | ... AQ7: =SUM(AQ6:AQ6)
